Workbook

Sheet Roster
A1: 2
A2: Total Cadets: | B2: =COUNTA(B4:B76) | C2: If you need to make a correction: | G2: If you are not on this roster at all use this link:
A3: Class | B3: Rank | C3: Last Name | D3: First Name | E3: MI | F3: Kent Email | G3: Crosstown Email | H3: Cell Phone | I3: School | J3: Major | K3: Assignment | L3: Position | M3: {={"SQ";IF(K57:K76 = "","",IFERROR(VLOOKUP(K57:K76,'Flight Linker'!A$1:C$17,2,FALSE),""))}} | N3: {={"GRP";IF(K57:K76 = "","",IFERROR(VLOOKUP(K57:K76,'Flight Linker'!A$1:C$17,3,FALSE),""))}} | O3: {={"flight position conc";K33:K76&" "&L33:L76}} | P3: {={"title conc";IF(C33:C85 = "","",B33:B76&" "&C33:C76)}} | Q3: {={"comma";IF(C33:C85 = "","",TRIM(Roster!$C33:C76&","&" "&Roster!$D33:D76))}} | R3: {={"semicol";IF(C33:C85 = "","",TRIM(Roster!$C33:C76&";"&" "&Roster!$D33:D76))}} | S3: alt llab
A4: AS100 | B4: C/4C | C4: Allen, Jr. | D4: Antonio | F4: fakeEmail@kent.edu | G4: fakeEmail@anotherSchool.edu | H4: 123.456.7890 | I4: YSU | P4: C/3C Babik | Q4: Babik, Thomas | R4: Babik; Thomas | S4: FALSE
A5: AS100 | B5: C/4C | C5: Cavaliere | D5: Ava | E5: C | F5: fakeEmail2@kent.edu | I5: KSU | P5: C/3C Bias | Q5: Bias, Derrick | R5: Bias; Derrick | S5: FALSE
A6: AS100 | B6: C/4C | C6: Cunningham | D6: Ph'Nique | F6: fakeEmail3@kent.edu | I6: KSU | P6: C/3C Choi | Q6: Choi, Joseph | R6: Choi; Joseph | S6: FALSE
A7: AS100 | B7: C/4C | C7: Davis | D7: Elexis | E7: J | F7: fakeEmail4@kent.edu | I7: UA | P7: C/3C Crim | Q7: Crim, Ryan | R7: Crim; Ryan | S7: FALSE
A8: AS100 | B8: C/4C | C8: Gale | D8: Charles | E8: D | F8: fakeEmail5@kent.edu | I8: KSU | J8: Computer Science | P8: C/3C Fields | Q8: Fields, Ava | R8: Fields; Ava | S8: FALSE
A9: AS100 | B9: C/4C | C9: Geraci | D9: Nicholas | F9: fakeEmail6@kent.edu | I9: UA | P9: C/3C Folger | Q9: Folger, Colin | R9: Folger; Colin | S9: FALSE
A10: AS100 | B10: C/4C | C10: Gould | D10: Noah | E10: I | F10: fakeEmail7@kent.edu | I10: KSU | J10: Enviromental Biology | P10: C/3C Loibl | Q10: Loibl, Lucas | R10: Loibl; Lucas | S10: FALSE
A11: AS100 | B11: C/4C | C11: Haggerty | D11: Anthony | F11: fakeEmail8@kent.edu | I11: KSU | P11: C/4C Marshall | Q11: Marshall, Natasha | R11: Marshall; Natasha | S11: FALSE
A12: AS100 | B12: C/4C | C12: Hodges | D12: Monica | F12: fakeEmail9@kent.edu | I12: KSU | P12: C/3C Matolyak | Q12: Matolyak, Bryce | R12: Matolyak; Bryce | S12: FALSE
A13: AS100 | B13: C/4C | C13: Howard | D13: Blake | F13: fakeEmail10@kent.edu | I13: KSU | P13: C/3C Page | Q13: Page, William | R13: Page; William | S13: FALSE
A14: AS100 | B14: C/4C | C14: Hughes | D14: James | E14: J | F14: fakeEmail11@kent.edu | I14: KSU | J14: Aerospace | P14: C/3C Roberts | Q14: Roberts, Caden | R14: Roberts; Caden | S14: FALSE
A15: AS100 | B15: C/4C | C15: Jackson | D15: Isaiah | F15: fakeEmail12@kent.edu | I15: KSU | P15: C/3C Roylo | Q15: Roylo, Kai | R15: Roylo; Kai | S15: FALSE
A16: AS100 | B16: C/4C | C16: Kalas | D16: James | E16: A | F16: fakeEmail13@kent.edu | I16: JCU | P16: C/3C Stewart | Q16: Stewart, Kayla | R16: Stewart; Kayla | S16: FALSE
A17: AS100 | B17: C/4C | C17: Knauer | D17: Emma | E17: I | F17: fakeEmail14@kent.edu | I17: KSU | J17: Psychology | P17: C/3C Stricker | Q17: Stricker, Johathan | R17: Stricker; Johathan | S17: FALSE
A18: AS100 | B18: C/4C | C18: Kotlarsic | D18: Gustav | E18: P | F18: fakeEmail15@kent.edu | I18: KSU | J18: Aerospace Engineering | P18: C/3C Valek | Q18: Valek, Justin | R18: Valek; Justin | S18: FALSE
A19: AS100 | B19: C/4C | C19: LaChapelle | D19: Tyler | E19: M | F19: fakeEmail16@kent.edu | I19: KSU | P19: C/3C Wall | Q19: Wall, Kalli | R19: Wall; Kalli | S19: FALSE
A20: AS100 | B20: C/4C | C20: McMannes | D20: Samantha | E20: M | F20: fakeEmail17@kent.edu | I20: KSU | P20: C/4C Mockel | Q20: Mockel, Ella | R20: Mockel; Ella | S20: FALSE
A21: AS100 | B21: C/4C | C21: Mohsin | D21: Yousif | E21: H | F21: fakeEmail18@kent.edu | I21: KSU | P21: C/3C Brass | Q21: Brass, Jacob | R21: Brass; Jacob | S21: FALSE
A22: AS100 | B22: C/4C | C22: Moore | D22: Jayland | F22: fakeEmail19@kent.edu | I22: KSU | P22: C/3C Pinson | Q22: Pinson, Mycah | R22: Pinson; Mycah | S22: FALSE
A23: AS100 | B23: C/4C | C23: Montie | D23: Bethany | F23: fakeEmail20@kent.edu | P23: C/3C Schriener | Q23: Schriener, Madalyn | R23: Schriener; Madalyn | S23: FALSE
A24: AS100 | B24: C/4C | C24: Peronek | D24: Joe | F24: fakeEmail21@kent.edu | I24: UA | P24: C/3C Soderstrom | Q24: Soderstrom, Kade | R24: Soderstrom; Kade | S24: FALSE
A25: AS100 | B25: C/4C | C25: Reyher | D25: Renee | F25: fakeEmail22@kent.edu | I25: UA | P25: C/Maj Boersma | Q25: Boersma, Paul | R25: Boersma; Paul | S25: FALSE
A26: AS100 | B26: C/4C | C26: Rosenberger | D26: Samuel | E26: J | F26: fakeEmail23@kent.edu | I26: KSU | P26: C/Capt Rueffel | Q26: Rueffel, Julien | R26: Rueffel; Julien | S26: FALSE
A27: AS100 | B27: C/4C | C27: Sabruno | D27: Hannah | F27: fakeEmail24@kent.edu | I27: KSU | J27: criminology | P27: C/Lt Col Woodford | Q27: Woodford, Aniliss | R27: Woodford; Aniliss | S27: FALSE
A28: AS100 | B28: C/4C | C28: Shamberger | D28: Hugo | E28: T | F28: fakeEmail25@kent.edu | I28: KSU | P28: C/Capt Carney | Q28: Carney, Reilly | R28: Carney; Reilly | S28: FALSE
A29: AS100 | B29: C/4C | C29: So-Gilmore | D29: Deja | F29: fakeEmail26@kent.edu | P29: C/Col Farah | Q29: Farah, Samantha | R29: Farah; Samantha | S29: FALSE
A30: AS100 | B30: C/4C | C30: Spalding | D30: Mya | E30: R | F30: fakeEmail27@kent.edu | I30: KSU | P30: C/Capt James | Q30: James, Joshua | R30: James; Joshua | S30: FALSE
A31: AS100 | B31: C/4C | C31: Vo | D31: Brandon | E31: H | F31: fakeEmail28@kent.edu | I31: CASE | P31: C/Maj Kim | Q31: Kim, Dohwan | R31: Kim; Dohwan | S31: FALSE
A32: AS100 | B32: C/4C | C32: Wayland | D32: Jesse | E32: M | F32: fakeEmail29@kent.edu | I32: KSU | P32: C/Capt Mackniak | Q32: Mackniak, Jacob | R32: Mackniak; Jacob | S32: FALSE
A33: AS200 | B33: C/3C | C33: Babik | D33: Thomas | E33: A | F33: fakeEmail30@kent.edu | I33: KSU | J33: Aerospace Engineering | P33: C/Capt Maleski | Q33: Maleski, Bryce | R33: Maleski; Bryce | S33: FALSE
A34: AS200 | B34: C/3C | C34: Bias | D34: Derrick | E34: J | F34: fakeEmail31@kent.edu | I34: KSU | J34: Aeronautics | P34: C/Capt McCullough | Q34: McCullough, Elyse | R34: McCullough; Elyse | S34: FALSE
A35: AS200 | B35: C/3C | C35: Choi | D35: Joseph | E35: K | F35: fakeEmail32@kent.edu | I35: KSU | J35: Computer Science | P35: C/Col Shutic | Q35: Shutic, Joshua | R35: Shutic; Joshua | S35: FALSE
A36: AS200 | B36: C/3C | C36: Crim | D36: Ryan | E36: M | F36: fakeEmail33@kent.edu | I36: UA | J36: Aerospace Engineering | P36: C/Capt Koromyslichenko | Q36: Koromyslichenko, Viktor | R36: Koromyslichenko; Viktor | S36: FALSE
A37: AS200 | B37: C/3C | C37: Fields | D37: Ava | E37: K | F37: fakeEmail34@kent.edu | I37: KSU | J37: Nursing | P37: C/Lt Col Howard | Q37: Howard, Eryn | R37: Howard; Eryn | S37: FALSE
A38: AS200 | B38: C/3C | C38: Folger | D38: Colin | E38: E | F38: fakeEmail35@kent.edu | I38: KSU | J38: Aeronautics PROP | P38: C/Lt Col AhSam-Kreiter | Q38: AhSam-Kreiter, Vincent | R38: AhSam-Kreiter; Vincent | S38: FALSE
A39: AS200 | B39: C/3C | C39: Loibl | D39: Lucas | E39: B | F39: fakeEmail36@kent.edu | I39: KSU | J39: Criminology & Justice | P39: C/Maj Armagno | Q39: Armagno, Giacomo | R39: Armagno; Giacomo | S39: FALSE
A40: AS200 | B40: C/4C | C40: Marshall | D40: Natasha | E40: C | F40: fakeEmail37@kent.edu | I40: KSU | J40: Finance | P40: C/Capt Billock | Q40: Billock, Madeline | R40: Billock; Madeline | S40: FALSE
A41: AS200 | B41: C/3C | C41: Matolyak | D41: Bryce | F41: fakeEmail38@kent.edu | I41: KSU | J41: Criminology & Justice | P41: C/1st Lt Dietrich | Q41: Dietrich, Nathan | R41: Dietrich; Nathan | S41: FALSE
A42: AS200 | B42: C/3C | C42: Page | D42: William | E42: E | F42: fakeEmail39@kent.edu | I42: KSU | J42: Exploratory Major | P42: C/Maj Hatton | Q42: Hatton, Corey | R42: Hatton; Corey | S42: FALSE
A43: AS200 | B43: C/3C | C43: Roberts | D43: Caden | E43: S | F43: fakeEmail40@kent.edu | I43: KSU | J43: Nursing | P43: C/Maj Hornaman | Q43: Hornaman, Keegan | R43: Hornaman; Keegan | S43: FALSE
A44: AS200 | B44: C/3C | C44: Roylo | D44: Kai | E44: C | F44: fakeEmail41@kent.edu | I44: KSU | J44: Aeronautical Studies | P44: C/1st Lt Korzeniewski | Q44: Korzeniewski, Kenneth | R44: Korzeniewski; Kenneth | S44: FALSE
A45: AS200 | B45: C/3C | C45: Stewart | D45: Kayla | E45: J | F45: fakeEmail42@kent.edu | I45: KSU | J45: Nursing | P45: C/Col Spear | Q45: Spear, Maxwell | R45: Spear; Maxwell | S45: FALSE
A46: AS200 | B46: C/3C | C46: Stricker | D46: Johathan | E46: P | F46: fakeEmail43@kent.edu | I46: KSU | J46: Professional Pilot | P46: C/1st Lt Strait | Q46: Strait, Kenneth | R46: Strait; Kenneth | S46: FALSE
A47: AS200 | B47: C/3C | C47: Valek | D47: Justin | E47: M | F47: fakeEmail44@kent.edu | I47: KSU | J47: Aeronautical Studies | P47: C/Col Woodford | Q47: Woodford, Malik | R47: Woodford; Malik | S47: FALSE
A48: AS200 | B48: C/3C | C48: Wall | D48: Kalli | E48: N | F48: fakeEmail45@kent.edu | I48: CASE | J48: Chemistry | S48: FALSE
A49: AS250 | B49: C/4C | C49: Mockel | D49: Ella | E49: L | F49: fakeEmail46@kent.edu | I49: KSU | J49: Criminology & Justice | S49: FALSE
A50: AS500 | B50: C/3C | C50: Brass | D50: Jacob | E50: M | F50: fakeEmail47@kent.edu | I50: KSU | J50: Aeronautical Systems Engineering Technology | S50: FALSE
A51: AS500 | B51: C/3C | C51: Pinson | D51: Mycah | E51: A | F51: fakeEmail48@kent.edu | I51: KSU | J51: Aeronautics/UAS | S51: FALSE
A52: AS500 | B52: C/3C | C52: Schriener | D52: Madalyn | E52: K | F52: fakeEmail49@kent.edu | I52: CSU | J52: Journalism | P52: C/2d Lt Kim | Q52: Kim, Dohwan | R52: Kim; Dohwan | S52: FALSE
A53: AS500 | B53: C/3C | C53: Soderstrom | D53: Kade | F53: fakeEmail50@kent.edu | I53: KSU | J53: Philosophy | S53: FALSE
A54: AS300 | B54: C/Maj | C54: Boersma | D54: Paul | E54: A | F54: fakeEmail51@kent.edu | I54: KSU | J54: Political Science | S54: FALSE
A55: AS300 | B55: C/Capt | C55: Rueffel | D55: Julien | F55: fakeEmail52@kent.edu | I55: KSU | J55: Psychology | S55: FALSE
A56: AS300 | B56: C/Lt Col | C56: Woodford | D56: Aniliss | E56: M | F56: fakeEmail53@kent.edu | I56: KSU | J56: Aviation Management | S56: FALSE
A57: AS300 | B57: C/Capt | C57: Carney | D57: Reilly | E57: J | F57: fakeEmail54@kent.edu | I57: KSU | J57: Exercise Science | S57: FALSE
A58: AS300 | B58: C/Col | C58: Farah | D58: Samantha | E58: N | F58: fakeEmail55@kent.edu | I58: KSU | J58: Aeronautics | S58: FALSE
A59: AS300 | B59: C/Capt | C59: James | D59: Joshua | E59: S | F59: fakeEmail56@kent.edu | I59: KSU | J59: Aerospace Engineering | S59: FALSE
A60: AS300 | B60: C/Maj | C60: Kim | D60: Dohwan | F60: fakeEmail57@kent.edu | I60: CASE | J60: International Studies | S60: FALSE
A61: AS300 | B61: C/Capt | C61: Mackniak | D61: Jacob | E61: T | F61: fakeEmail58@kent.edu | I61: KSU | J61: Exercise Science | S61: FALSE
A62: AS300 | B62: C/Capt | C62: Maleski | D62: Bryce | E62: D | F62: fakeEmail59@kent.edu | I62: KSU | J62: Sports Medicine | S62: FALSE
A63: AS300 | B63: C/Capt | C63: McCullough | D63: Elyse | F63: fakeEmail60@kent.edu | I63: KSU | J63: Pilot | S63: FALSE
A64: AS300 | B64: C/Col | C64: Shutic | D64: Joshua | E64: M | F64: fakeEmail61@kent.edu | I64: KSU | J64: Aerospace Engineering | S64: FALSE
A65: AS300 | B65: C/Capt | C65: Koromyslichenko | D65: Viktor | F65: fakeEmail62@kent.edu | I65: KSU | J65: Aerospace Engineering | S65: FALSE
A66: AS300 | B66: C/Lt Col | C66: Howard | D66: Eryn | E66: E | F66: fakeEmail63@kent.edu | I66: KSU | J66: Nursing | S66: FALSE
A67: AS400 | B67: C/Lt Col | C67: AhSam-Kreiter | D67: Vincent | E67: K | F67: fakeEmail64@kent.edu | I67: KSU | J67: Nursing | S67: FALSE
A68: AS400 | B68: C/Maj | C68: Armagno | D68: Giacomo | E68: V | F68: fakeEmail65@kent.edu | I68: KSU | J68: Aeronautics | S68: FALSE
A69: AS400 | B69: C/Capt | C69: Billock | D69: Madeline | E69: H | F69: fakeEmail66@kent.edu | I69: HC | J69: Accounting and Financial Management | S69: FALSE
A70: AS400 | B70: C/1st Lt | C70: Dietrich | D70: Nathan | E70: P | F70: fakeEmail67@kent.edu | I70: UA | J70: Aerospace Engineering | S70: FALSE
A71: AS400 | B71: C/Maj | C71: Hatton | D71: Corey | E71: E | F71: fakeEmail68@kent.edu | I71: KSU | J71: Aeronautics PROP | S71: FALSE
A72: AS400 | B72: C/Maj | C72: Hornaman | D72: Keegan | E72: J | F72: fakeEmail69@kent.edu | I72: UA | J72: Chemical Engineering | S72: FALSE
A73: AS400 | B73: C/1st Lt | C73: Korzeniewski | D73: Kenneth | E73: R | F73: fakeEmail70@kent.edu | I73: CASE | J73: Finance | S73: FALSE
A74: AS400 | B74: C/Col | C74: Spear | D74: Maxwell | E74: S | F74: fakeEmail71@kent.edu | I74: KSU | J74: Aeronautical Studies | S74: FALSE
A75: AS400 | B75: C/1st Lt | C75: Strait | D75: Kenneth | E75: J | F75: fakeEmail72@kent.edu | I75: KSU | J75: Physics | S75: FALSE
A76: AS400 | B76: C/Col | C76: Woodford | D76: Malik | E76: M | F76: fakeEmail73@kent.edu | I76: KSU | J76: Integrated Studies | S76: FALSE

Sheet Sheet30

Sheet Squadrons & Staff
A1: OSS | B1: OTS | C1: FSS | D1: LRS | E1: MWR | F1: FTPS | G1: Wing Staff | H1: Group Staff | I1: WIT | J1: Wing Staff | K1: CSS | L1: OG | M1: MSG | N1: TTG
A2: =IFERROR(__xludf.DUMMYFUNCTION("sort(iferror(FILTER(#REF!,Roster!$M:$M=A1),""""))"),"") | B2: =IFERROR(__xludf.DUMMYFUNCTION("sort(iferror(FILTER(#REF!,Roster!$M:$M=B1),""""))"),"") | C2: =IFERROR(__xludf.DUMMYFUNCTION("sort(iferror(FILTER(#REF!,Roster!$M:$M=C1),""""))"),"") | D2: =IFERROR(__xludf.DUMMYFUNCTION("sort(iferror(FILTER(#REF!,Roster!$M:$M=D1),""""))"),"") | E2: =IFERROR(__xludf.DUMMYFUNCTION("sort(iferror(FILTER(#REF!,Roster!$M:$M=E1),""""))"),"") | F2: =IFERROR(__xludf.DUMMYFUNCTION("sort(iferror(FILTER(#REF!,Roster!$M:$M=F1),""""))"),"") | G2: =IFERROR(__xludf.DUMMYFUNCTION("sort(filter({I2:I10;J2:J10;K2:K10},NOT(ISBLANK({I2:I10;J2:J10;K2:K10}))))"),"") | H2: =IFERROR(__xludf.DUMMYFUNCTION("sort(filter({L2:L10;M2:M10;N2:N10},NOT(ISBLANK({L2:L10;M2:M10;N2:N10}))))"),"") | I2: =IFERROR(__xludf.DUMMYFUNCTION("sort(iferror(FILTER(#REF!,Roster!$K:$K=I1),""""))"),"") | J2: =IFERROR(__xludf.DUMMYFUNCTION("sort(iferror(FILTER(#REF!,Roster!$K:$K=J1),""""))"),"") | K2: =IFERROR(__xludf.DUMMYFUNCTION("sort(iferror(FILTER(#REF!,Roster!$K:$K=K1),""""))"),"") | L2: =IFERROR(__xludf.DUMMYFUNCTION("sort(iferror(FILTER(#REF!,Roster!$K:$K=L1),""""))"),"") | M2: =IFERROR(__xludf.DUMMYFUNCTION("sort(iferror(FILTER(#REF!,Roster!$K:$K=M1),""""))"),"") | N2: =IFERROR(__xludf.DUMMYFUNCTION("sort(iferror(FILTER(#REF!,Roster!$K:$K=N1),""""))"),"")
G3: =IFERROR(__xludf.DUMMYFUNCTION("""COMPUTED_VALUE"""),"") | H3: =IFERROR(__xludf.DUMMYFUNCTION("""COMPUTED_VALUE"""),"")
G4: =IFERROR(__xludf.DUMMYFUNCTION("""COMPUTED_VALUE"""),"") | H4: =IFERROR(__xludf.DUMMYFUNCTION("""COMPUTED_VALUE"""),"")

Sheet Signature Sheet
A1: {={"";IF(TRIM(INDIRECT("Roster!O4:O"&B1)) <> "",TRIM(INDIRECT("Roster!D4:D"&B1))&" "&IFS(TRIM(INDIRECT("Roster!E4:E"&B1))="","",TRIM(INDIRECT("Roster!E4:E"&B1))="-","",TRIM(INDIRECT("Roster!E4:E"&B1))<>"",TRIM(INDIRECT("Roster!E4:E"&B1))&". ")&TRIM(INDIRECT("Roster!C4:C"&B1))&", "&INDIRECT("Roster!B4:B"&B1)&", AFROTC"&CHAR(10)&VLOOKUP(INDIRECT("Roster!I4:I"&B1),'Signature Backend'!A$1:B$9,2,0)&CHAR(10)&IFERROR(VLOOKUP(INDIRECT("Roster!O4:O"&B1),'Signature Backend'!A$11:B$185,2,FALSE),VLOOKUP(TRIM(INDIRECT("Roster!O4:O"&B1)),'Signature Backend'!A$10:B$185,2,FALSE))&CHAR(10)&LEFT(INDIRECT("Roster!H4:H"&B1),12),TRIM(INDIRECT("Roster!D4:D"&B1))&" "&TRIM(INDIRECT("Roster!C4:C"&B1))&CHAR(10)&"No flight assigned")}} | B1: =Roster!B2+3
A2: Antonio Allen, Jr. No flight assigned
A3: Ava Cavaliere No flight assigned
A4: Ph'Nique Cunningham No flight assigned
A5: Elexis Davis No flight assigned
A6: Charles Gale No flight assigned
A7: Nicholas Geraci No flight assigned
A8: Noah Gould No flight assigned
A9: Anthony Haggerty No flight assigned
A10: Monica Hodges No flight assigned
A11: Blake Howard No flight assigned
A12: James Hughes No flight assigned
A13: Isaiah Jackson No flight assigned
... A74: Malik Woodford No flight assigned

Sheet Changelog
A1: Date of change | B1: Description of change | C1: CSS Personel | D1: Date of change | E1: Description of change | F1: CSS Personel
A2: 42919 | B2: Removal of Biastre
A3: 42926 | B3: Removal of Nemeth and Moore
A4: 42926 | B4: Addition of Yammarino
A5: 42926 | B5: Changed Ludwig to safety
A6: 42926 | B6: Changed Rivera to PT
A7: 42926 | B7: Assigned Yammarino to PT
A8: 42928 | B8: Changed all fonts to Arial
A9: 42928 | B9: added sheet "Graphs"
A10: 42940 | B10: modified concanate sheet
A11: 42956 | B11: removal of Scott
A12: 42956 | B12: updated C/Wood's position
A13: 42962 | B13: Removal of Bayne
... A67: 43277 | B67: updated to fall 18
A68: 43279 | B68: drop c smith | C68: TKE
A69: 43279 | B69: C/Keenan moved to AS500 | C69: TKE
A70: 43279 | B70: C/Coler to POC LLAB CC, C/Flowers to PA CD | C70: TKE
A71: 43279 | B71: Reinstated Bowman | C71: TKE
A72: 43279 | B72: Schaffer to M&S | C72: TKE
A73: 43279 | B73: Lyons removed | C73: TKE
A74: 43279 | B74: Youngblood removed | C74: TKE
A75: 43296 | B75: Rediger added | C75: TKE
A76: 43309 | B76: Knight removed | C76: EDL
A77: 43313 | B77: Gilreath to POC LLAB | C77: EDL
A78: 43313 | B78: Rediger to MWR | C78: EDL
A79: 43314 | B79: Bowman, Dregley, and Fuller to C/2d Lt | C79: EDL
... A234: 43832 | B234: Drop: Flowers | C234: HWS
D235: 43850 | E235: Start of Spring 2020 | F235: ZTK
D236: 43850 | E236: Updated Chain of Command | F236: ZTK
D237: 43850 | E237: Updated and fixed Signature Blocks | F237: ZTK
D238: 43850 | E238: Add: Beardsley, Horton, Sivy, Bardwell, Gilchrist, Sawyer, Sylvester, ZImmerman | F238: TAS
D239: 43850 | E239: Drop: Caconico, Mosley | F239: TAS
D240: 43851 | E240: Drop: Doyle, Patterson, Toomer, Larson, Byrd | F240: TAS
D241: 43851 | E241: Drop: Holswade, Lauren; Knight, Zachary | F241: DJS
D242: 43853 | E242: Drop: Gilson | F242: TAS
D243: 43853 | E243: Move: Allison to Supply CC, Parker to Academics CC | F243: TAS
D244: 43857 | E244: Drop: Tosti | F244: TAS
D245: 43857 | E245: Move: Spencer to 200 | F245: TAS
D246: 43868 | E246: Drop: Peace, Syx, Terleckyj | F246: DJS
D247: 43894 | E247: Move: Gardner to FSS CC, Orcutt to OSS CD | F247: TAS
D248: Fall 2020
D249: 43980 | E249: Updated Chain of Command for Fall 2020 | F249: NPK
D250: 43980 | E250: Updated Roster and Signature blocks, also reorganized the the Flight Linker | F250: NPK
D251: 43981 | E251: Add: C/Sivy, moved C/Savage to AS400 | F251: NPK
D252: 43983 | E252: Change: Sivy to SP, Davis to FF, Branch to PT, and Willoughby to safety | F252: NPK
D253: 44048 | E253: Add: C/Eicher; Drop: Willoughby; Move:Eicher to Safety Flight | F253: NPK
D254: 44048 | E254: Drop: C/Cole, C/Ross, C/Konstandinidis | F254: NPK
D255: 44048 | E255: Move: C/Wilson to LRS CC, C/Harvey to SF CC, C/Wareham to D&C Flight CC, | F255: NPK
E256: C/Zimmerman to WIT CD, C/Eicher to CSS, C/Valentine to Supply Flight CD
D257: 44056 | E257: Added AS100s and AS250s, Updated all other classes, Put AS100s in Flights | F257: NPK
D258: 44057 | E258: Made Corrections from Cadet correction list; Put AS250s in Flights | F258: NPK
D259: 44060 | E259: Updated FTP Flight List on Chain of Command | F259: NPK
D260: 44064 | E260: Added:C/Gibbons-Heritage Flight, | F260: NPK
D261: 44064 | E261: Deleted: NCOP Assignments Tab from AS300 Freshman year (Fall 2018), sheet 11 | F261: NPK
E262: Sheet 11 was from 2017
D263: 44064 | E263: Shrunk "Correction Sheet" to anything after 2019 | F263: NPK
D264: 44066 | E264: C/Benko moved to Service Flight CD, C/Stiegelmeyer placed as Academics Flt CD | F264: NPK
D265: 44066 | E265: Added C/Ellis (FF Flight), C/Palmer (Recruiting), C/Pfeil (Service), | F265: NPK
E266: C/Burns (Safety), C/Pedley (Morale)
D267: 44066 | E267: C/Davis placed as CD to D&C Flight, C/Brickman placed as CD to PA Flight | F267: NPK
E268: C/Hillman placed as CD to Heritage Flight
D269: 44067 | E269: Added:C/Watson (Academics Flt), Removed C/Najem & C/Prentovich, | F269: NPK
E270: Changed SP Flight to VLLAB Flight and moved to OTS, Moved Alt LLAB to OSS, Corrected
E271: Flight Linker to follow command
D272: 44068 | E272: Added: C/Devoll (Safety Flight CD) | F272: NPK
D273: 44069 | E273: Removed: C/Cole, C/Susak, C/Vonier, C/Stab | F273: NPK
D274: 44069 | E274: Made Corrections to Existing Roster, Added:C/Eck, C/Garcia, C/Kesler, Pokrzywa, C/Erb, C/Linville, | F274: NPK
D275: 44070 | E275: Remove C/Jessup, C/Cook, C/DeFillipo; Update: C/Homoki: CD Morale Flight | F275: NPK
D276: 44070 | E276: C/Linville- Alt LLAB Flt, C/Erb-VLLAB Flight, C/Eck-POC LLAB Flt, C/Garcia-PT Flt, | F276: NPK
E277: C/Kesler-Alt LLAB Flt, Pokrzywa-Academics Flt, C/Augustine-Safety Flight, C/Joneikis-LLAB Flight
D278: 44070 | E278: Drop: C/Dawkins, C/Brookes | F278: NPK
D279: 44071 | E279: Corrections made | F279: NPK
D280: 44072 | E280: Remove C/Gibbons | F280: NPK
D281: 44073 | E281: Remove C/Burns | F281: NPK
D282: 44074 | E282: Remove C/Terleckyj | F282: NPK
D283: 44074 | E283: Updated Signature Sheet fully | F283: BMH
D284: 44074 | E284: Updated signature backend to work with signature sheet | F284: BMH
D285: 44075 | E285: Corrected C/Augustine school to UA | F285: BMH
D286: 44077 | E286: Correct C/Brickman class from AS400 to AS300 | F286: BMH
D287: 44077 | E287: Remove: C/Harris, C/Rouijel, C/Baker, C/Rysavy, C/Klakos, Add C/Waldo to Safety Flt, C/Sylvester to Heritage Flight | F287: NPK
D288: 44077 | E288: Add: C/Mitchell-VLLAB Flight, C/Perry-PA Flight, C/Pace-D&C Flight | F288: NPK
D289: 44078 | E289: Add: C/Cain: Recruiting Services Flight | F289: NPK
... D309: 44182 | E309: Updated C/Biskup phone | F309: NPK

Sheet New Cadet QR
A12: Scan and fill this out ------->

Sheet correction qr

Sheet New Cadet input
A1: Timestamp | B1: Email Address | C1: What is your last name? | D1: What is your first name? | E1: What is your middle initial? | F1: What is your school email? | G1: What is your cell phone number? | H1: What school do you attend? | I1: What is your major? | J1: What is your Flight? | K1: Initials of CSS personel | L1: Date updated(Ctrl+semicolon for current date)
A2: 42891.45 | B2: nmalacho@kent.edu | C2: Malachowski | D2: Nicholas | E2: D | F2: nmalacho@kent.edu | G2: 5857471128 | H2: KSU | I2: Aeronautics | K2: ss | L2: 42894
A3: 42969.672 | B3: mattchamberlain97@gmail.com | C3: Chamberlain | D3: Matthew | E3: J. | F3: mchamb23@kent.edu | G3: 2347361450 | H3: KSU | I3: History | K3: ss | L3: 42981
A4: 42970.56 | B4: tke819@gmail.com | C4: Evans | D4: Tyler | E4: K | F4: tevans44@kent.edu | G4: 5619510426 | H4: KSU | I4: Russian Literature; Culture and Translation | K4: ss | L4: 42970
A5: 42970.569 | B5: awsoftball2@aol.com | C5: Wilson | D5: Alexandria | E5: E | F5: awils140@kent.edu | G5: 3308585728 | H5: KSU | I5: Criminal justice studies | K5: ss | L5: 42970
A6: 42970.57 | B6: laurenburkhard2017@gmail.com | C6: Burkhard | D6: Lauren | E6: B | F6: lburkha6@kent.edu | G6: 2345677544 | H6: KSU | I6: Pre medicine | K6: ss | L6: 42970
A7: 42970.573 | B7: jsheri4@kent.edu | C7: Sherrill | D7: Justin | E7: A | F7: jsheri4@kent.edu | G7: 4403965306 | H7: KSU | I7: Computer Information System | K7: ss | L7: 42970
A8: 42970.574 | B8: creed48@kent.edu | C8: Reed | D8: Colleen | E8: M | F8: creed48@kent.edu | G8: 4405961780 | H8: KSU | I8: Nursing | K8: ss | L8: 42970
A9: 42970.577 | B9: jgrant29@kent.edu | C9: Grant | D9: Jacob | E9: P | F9: jgrant29@kent.edu | G9: 4197068933 | H9: KSU | I9: Aerospace Engineering | K9: ss | L9: 42970
A10: 42970.578 | B10: jmw363@zips.uakron.edu | C10: Walker | D10: Jordan | E10: M | F10: jmw363@zips.uakron.edu | G10: 3305755264 | H10: UA | I10: Aerospace Systems Engineering | K10: ss | L10: 42970
A11: 42970.578 | B11: chrich@kent.edu | C11: Hrich | D11: Christopher | E11: D | F11: chrich@kent.edu | G11: 4405912616 | H11: KSU | I11: Computer Science | K11: ss | L11: 42970
A12: 42970.578 | B12: cmarowsk@kent.edu | C12: Marowski | D12: Clayton | E12: P | F12: cmarowsk@kent.edu | G12: 3172137829 | H12: KSU | I12: Flight Technology | K12: ss | L12: 42970
A13: 42970.578 | B13: jkeenan8@kent.edu | C13: Keenan | D13: Julia | E13: E | F13: jkeenan8@kent.edu | G13: 9372672178 | H13: KSU | I13: Hospitality Management | K13: ss | L13: 42970
... A59: 42978.757 | B59: jacksonrev@aol.com | C59: Jackson | D59: Kevin | E59: A | F59: kevin.a.jackson75.mil@mail.mil | G59: 3015186954 | H59: CSU | I59: Health sciences | K59: ss | L59: 42981
A60: 42980.124 | B60: dwils110@kent.edu | C60: Wilson | D60: Dajanae | E60: D | F60: dwils110@kent.edu | G60: 2166007220 | H60: KSU | I60: Biology Pre-Medical Pre-Dental | J60: I don't know what my flight is | K60: ss | L60: 42981
A61: 42980.405 | B61: apero@kent.edu | C61: Pero | D61: Austin | E61: W | F61: apero@kent.edu | G61: 3306052613 | H61: KSU | I61: Architecture | J61: CSS Flight | K61: ss | L61: 42981
A62: 42981.47 | B62: jfowle17@kent.edu | C62: Fowler | D62: Jordan | E62: J | F62: jfowle17@kent.edu | G62: 3302404084 | H62: KSU | I62: Aeronautics | J62: Alt LLAB Flight | K62: ss | L62: 42981
A63: 42983.401 | B63: Dander60@kent.edu | C63: Anderson | D63: Dylan | E63: T | F63: Dander60@kent.edu | G63: 4014641371 | H63: KSU | I63: Aerospace Engineering | J63: I don't know what my flight is | K63: ss | L63: 42983
A64: 42985.747 | B64: mirandaljones99@gmail.com | C64: Jones | D64: Miranda | E64: L | F64: mjone217@kent.edu | G64: 2343083135 | H64: KSU | I64: Computer Science | J64: LLAB Flight | K64: ss | L64: 42985
A65: 42989.402 | B65: jhk15@zips.uakron.edu | C65: Klebe | D65: Johnathon | E65: H | F65: jhk15@zips.uakron.edu | G65: 4403917307 | H65: UA | I65: Mechanical Enguneering | J65: Option 13 | K65: ss | L65: 42989
A66: 43118.733 | B66: cyoungbl17@mail.bw.edu | C66: Youngblood | D66: Caleb | E66: M | F66: cyoungbl17@mail.bw.edu | G66: 8138339010 | H66: BW | I66: Criminal justice | J66: I don't know what my flight is | K66: tdb | L66: 43118
A67: 43118.734 | B67: hkim32@gmail.com | C67: Kim | D67: Hyeokjin | E67: N | F67: hkim32@gmail.com | G67: 2342637149 | H67: KSU | I67: Aeronautics | J67: LLAB Flight | K67: tdb | L67: 43118
A68: 43118.884 | B68: tschaff2@kent.edu | C68: Schaffer | D68: Travis | E68: A | F68: tschaff2@kent.edu | G68: 3305023368 | H68: KSU | I68: Nursing | J68: POC LLAB Flight | K68: tdb | L68: 43118
A69: 43119.298 | B69: clk107@zips.uakron.edu | C69: Knight | D69: Connor | E69: L | F69: clk107@zips.uakron.edu | G69: 3304192640 | H69: UA | I69: Mechanical Engineering | J69: PA Flight | K69: tdb | L69: 43119
A70: 43119.455 | B70: brankine@kent.edu | C70: Rankine | D70: Brock | E70: D | F70: brankine@kent.edu | G70: 4197500162 | H70: KSU | I70: Aeronautics | J70: PT Flight | K70: tdb | L70: 43119
A71: 43119.497 | B71: eliebold@kent.edu | C71: Liebold | D71: Erin | E71: D | F71: eliebold@kent.edu | G71: 4127797453 | H71: KSU | I71: Aeronautical Systems Engineering Technology | J71: I don't know what my flight is | K71: tdb | L71: 43119
... A93: 43333.361 | B93: ashtonwright33@hotmail.com | C93: Wright | D93: Ashton | E93: P | F93: awrigh81@kent.edu | G93: 3304418433 | H93: KSU | I93: Flight tech | J93: I don't know what my flight is | K93: SS | L93: 43333
A94: 43333.362 | B94: koppgarrett5@gmail.com | C94: Kopp | D94: Garrett | E94: M | F94: g.m.kopp@vikes.csuohio.edi | H94: CSU | I94: Accounting | J94: I don't know what my flight is | K94: SS | L94: 43333
A95: 43333.362 | B95: LZimme13@Kent.edu | C95: Zimmerman | D95: Lance | E95: A | F95: LZimme13@kent.edu | G95: 3306214902 | H95: KSU | I95: Political Science and Russian | J95: I don't know what my flight is | K95: SS | L95: 43333
A96: 43333.362 | B96: joseph.winfrey@gmail.com | C96: Winfrey | D96: Joseph | E96: M | F96: jwinfrey@kent.edu | G96: 4109785762 | H96: KSU | I96: Criminology | J96: I don't know what my flight is | K96: SS | L96: 43333
A97: 43333.363 | B97: sorvillo28@hotmail.com | C97: sorvillo | D97: kaylee | E97: a | F97: ksorvill@kent.edu | G97: 3303983629 | H97: KSU | I97: exploratory | J97: I don't know what my flight is | K97: SS | L97: 43333
A98: 43333.363 | B98: gabbertlogan@gmail.com | C98: Gabbert | D98: Logan | E98: A | F98: lgabber1@kent.edu | G98: 9897430089 | H98: KSU | I98: International Relations/Global Studies | J98: I don't know what my flight is | K98: SS | L98: 43333
A99: 43333.363 | B99: pfosbrin@kent.edu | C99: Fosbrink | D99: Patrick | F99: pfosbrin@kent.edu | G99: 7577935756 | H99: KSU | I99: English | J99: I don't know what my flight is | K99: SS | L99: 43333
A100: 43333.364 | B100: sneuman@kent.edu | C100: Neuman | D100: Seamus | E100: O | F100: sneuman@kent.edu | G100: 4408657512 | H100: KSU | I100: Aeronautics | J100: I don't know what my flight is | K100: SS | L100: 43333
A101: 43333.364 | B101: pbrunell@kent.edu | C101: Brunell | D101: Paul | E101: J | F101: pbrunell@kent.edu | G101: 4403445249 | H101: KSU | I101: Computer Science | J101: I don't know what my flight is | K101: SS | L101: 43333
A102: 43333.365 | B102: dejaznaparr@gmail.com | C102: Littlejohn | D102: Dejazna | E102: M | F102: littlejohnd@hiram.edu | G102: 2165562222 | H102: HC | I102: Political science | J102: I don't know what my flight is | K102: SS | L102: 43333
A103: 43333.365 | B103: heidihowell1999@yahoo.com | C103: Howell | D103: Heidi | E103: L | F103: hhowell3@kent.edu | G103: 5137639375 | H103: KSU | I103: Criminal justice | J103: I don't know what my flight is | K103: SS | L103: 43333
A104: 43333.365 | B104: sbrawle3@kent.edu | C104: Brawley | D104: Samuel | E104: D | F104: sbrawle3@kent.edu | G104: 8045430982 | H104: KSU | I104: Architecturual studies | J104: I don't know what my flight is | K104: SS | L104: 43333
A105: 43333.366 | B105: hparker9@kent.edu | C105: Parker | D105: Hannah | E105: M | F105: hparker9@kent.edu | G105: 3304164151 | H105: KSU | I105: Business | J105: I don't know what my flight is | K105: SS | L105: 43333
A106: 43333.366 | B106: hgoodma3@kent.edu | C106: Goodman | D106: Hannah | E106: L | F106: hgoodma3@kent.edu | G106: 7407081836 | H106: KSU | I106: undecided | J106: I don't know what my flight is | K106: SS | L106: 43333
A107: 43333.366 | B107: jacn4799@gmail.com | C107: Nichols | D107: Jac | E107: M | F107: jnicho66@kent.edu | G107: 3309786617 | H107: KSU | I107: Aeronautics (Air Traffic Control) | J107: I don't know what my flight is | K107: SS | L107: 43333
A108: 43333.368 | B108: tgodwin1@kent.edu | C108: Godwin | D108: Taiya | E108: A | F108: tgodwin1@kent.edu | G108: 7243280740 | H108: KSU | I108: Exploratory | J108: I don't know what my flight is | K108: SS | L108: 43333
A109: 43333.369 | B109: jbk10baseball@yahoo.com | C109: Kramer | D109: Jack | E109: B | F109: jkrame16@kent.edu | G109: 3308083705 | H109: KSU | I109: Business Management | J109: I don't know what my flight is | K109: SS | L109: 43333
A110: 43333.369 | B110: abbymprior99@gmail.com | C110: Prior | D110: Abigail | E110: M | F110: aprior@kent.edu | G110: 3309312405 | H110: KSU | I110: Computer Science | J110: I don't know what my flight is | K110: SS | L110: 43333
A111: 43333.369 | B111: rstab@kent.edu | C111: Stab | D111: Ryan | E111: C | F111: rstab@kent.edu | G111: 4848605840 | H111: KSU | I111: Aerospace Engineering | J111: I don't know what my flight is | K111: SS | L111: 43333
... A128: 43333.465 | B128: nathanreed2387@yahoo.com | C128: Reed | D128: Nathan | E128: R | F128: nreed16@kent.edu | G128: 3308197220 | H128: KSU | I128: business administration | J128: I don't know what my flight is | K128: TKE | L128: 43333
A129: 43333.486 | B129: nickpp17@gmail.com | C129: Patterson | D129: Nicholas | E129: P | F129: npatter6@kent.edu | G129: 3304884513 | H129: KSU | I129: Aerospace engineering | J129: I don't know what my flight is | K129: TKE | L129: 43333 | M129: 74-129 at NCOP
A130: 43334.86 | B130: nzimmerman@student.ysu.edu | C130: Zimmerman | D130: Nicole | E130: R | F130: nzimmerman@student.ysu.edu | G130: 3304691120 | H130: YSU | I130: Mathematics | J130: I don't know what my flight is | K130: TKE | L130: 43337 | M130: 130-143 Confirmed at TW-0 LLAB
A131: 43334.87 | B131: jdfischer1021@gmail.com | C131: Fischer | D131: Jared | E131: D | F131: jfisch20@kent.edu | G131: 4807721019 | H131: KSU | I131: Criminology | J131: I don't know what my flight is | K131: TKE | L131: 43336
A132: 43335.565 | B132: especkma@kent.edu | C132: speckman | D132: emily | E132: A | F132: especkma@kent.edu | G132: 3302425216 | H132: KSU | I132: nursing | J132: I don't know what my flight is | K132: TKE | L132: 43337
A133: 43335.667 | B133: sfrigm@live.com | C133: Frigm | D133: Sydney | E133: E | F133: sfrigm@kent.edu | G133: 3014017765 | H133: KSU | I133: Athletic Training | J133: I don't know what my flight is | K133: TKE | L133: 43336
A134: 43335.667 | B134: colleenreed13@gmail.com | C134: Reed | D134: Colleen | E134: M | F134: creed48@kent.edu | G134: 4405961780 | H134: KSU | I134: Criminal justice | J134: I don't know what my flight is | K134: TKE | L134: 43336
A135: 43335.667 | B135: bsavage5@kent.edu | C135: Savage | D135: Brandon | E135: D | F135: bsavage5@kent.edu | G135: 8568850863 | H135: KSU | I135: Aeronautical studies | J135: I don't know what my flight is | K135: TKE | L135: 43336
A136: 43335.668 | B136: nross519@gmail.com | C136: Ross | D136: Nathaniel | E136: B | F136: nbross@student.ysu.edu | G136: 3304068655 | H136: YSU | I136: Telecommunications | J136: I don't know what my flight is | K136: TKE | L136: 43337
A137: 43335.668 | B137: cwhitebl@kent.edu | C137: White blue | D137: Christiana | E137: M | F137: cwhitebl@kent.wsu | G137: 2352056831 | H137: KSU | I137: Psychology | J137: I don't know what my flight is | K137: TKE | L137: 43336
A138: 43335.669 | B138: adefreit18@mail.bw.edu | C138: Defreitas | D138: Alexis | E138: M | F138: adefreit18@mail.bw.edu | G138: 2162622010 | H138: BW | I138: National security | J138: I don't know what my flight is | K138: TKE | L138: 43337
A139: 43335.67 | B139: corriev10@yahoo.com | C139: VanNatta | D139: Corrine | E139: A | F139: vannatca2022@mountunion.edu | G139: 3306056158 | H139: MU | I139: Biomedical Engineering | J139: I don't know what my flight is | K139: TKE | L139: 43336
A140: 43335.671 | B140: ztk8@zips.uakron.edu | C140: Knight | D140: Zachary | E140: T | F140: ztk8@zips.uakron.edu | G140: 4403913644 | H140: UA | I140: Criminal Justice | J140: I don't know what my flight is | K140: TKE | L140: 43336
A141: 43335.672 | B141: fam.reir@gmail.com | C141: Rivera-Irizarry | D141: Adrián | E141: A | F141: ariver17@kent.edu | G141: 7873970204 | H141: KSU | I141: Aerospace Engineering | J141: I don't know what my flight is | K141: TKE | L141: 43336
A142: 43335.673 | B142: rcf29@zips.uakron.edu | C142: Finnegan | D142: Ryan | E142: C | F142: rcf29@zips.uakron.edu | G142: 4129805727 | H142: UA | I142: Civil Engineering | J142: I don't know what my flight is | K142: TKE | L142: 43337
... A149: 43342.595 | B149: lvalenti18@mail.bw.edu | C149: Valentine | D149: Lyndsey | E149: H | F149: lvalenti18@mail.bw.edu | G149: 9374703245 | H149: BW | I149: Political Science | J149: I don't know what my flight is | K149: TKE | L149: 43342
A150: 43342.599 | B150: bhuffma9@kent.edu | C150: Huffman | D150: Brandon | E150: E | F150: bhuffma9@kent.edu | G150: 2342817324 | H150: KSU | I150: Aeronautics/Flight Technology | J150: I don't know what my flight is | K150: TKE | L150: 43342 | M150: Prior to
A151: 43342.665 | B151: awarner4@kent.edu | C151: Warner | D151: Alex | E151: T | F151: awarner4@kent.edu | G151: 3309310074 | H151: KSU | I151: Aeronautics concentration in Flight Technology | J151: Academics Flight | K151: TKE | L151: 43346
A152: 43347.382 | B152: aromito5@kent.edu | C152: Romito | D152: Adrianna | E152: M | F152: aromito5@kent.exu | G152: 4406675802 | H152: KSU | I152: Aerospace engineering | J152: Alt LLAB Flight Unassigned -SS | K152: SS | L152: 43347 | M152: AS250
A153: 43353.657 | B153: eander38@kent.edu | C153: Anderson | D153: Easia | E153: D | F153: eander38@kent.edu | G153: 3306223690 | H153: KSU | I153: Digital Sciences | J153: I don't know what my flight is | K153: TKE | L153: 43353 | M153: AS250
A154: 43353.782 | B154: jfowle17@kent.edu | C154: Fowler | D154: Jordan | E154: J | F154: jfowle17@kent.edu | G154: 3302404084 | H154: KSU | I154: History | J154: PA Flight | K154: EDL | L154: 43354
A192: 43476.855 | B192: amheffron@student.ysu.edu | C192: Heffron | D192: Amanda | E192: M | F192: amheffron@student.ysu.edu | G192: 3305077532 | H192: YSU | I192: Psychology | J192: I don't know what my flight is | K192: ZTK | L192: 43489
A193: 43481.906 | B193: amheffron@student.ysu.edu | C193: Heffron | D193: Amanda | E193: M | F193: amheffron@student.ysu.edu | G193: 3305077532 | H193: YSU | I193: Psychology | J193: LLAB Flight | K193: ZTK | L193: 43489
A194: 43481.925 | B194: mspenc40@kent.edu | C194: Spencer | D194: Margaux | E194: J | F194: mspenc40@kent.edu | G194: 3309365991 | H194: KSU | I194: Biology- (Pre-Med) | J194: Safety Flight | K194: ZTK | L194: 43489
A195: 43481.938 | B195: mjohn246@kent.edu | C195: Johnson-Williams | D195: McKenna | E195: J | F195: mjohn246@kent.edu | G195: 4193573085 | H195: KSU | I195: Biology Premed | J195: I don't know what my flight is | K195: ZTK | L195: 43489
A196: 43482.915 | B196: emilymorton2326@gmail.com | C196: Morton | D196: Emily | E196: L | F196: emorton@kent.edu | G196: 4192397536 | H196: KSU | I196: Health and Physical Education | J196: I don't know what my flight is | K196: ZTK | L196: 43489
A197: 43482.951 | B197: ajm305@case.edu | C197: Molnar | D197: Anton | E197: J | F197: ajm305@case.edu | G197: 3307300637 | H197: CASE | I197: Math & Physics | J197: RS Flight | K197: MAC | L197: 43507
A198: 43483.169 | B198: aml240@zips.uakron.edu | C198: Lampner | D198: Aaron | E198: M | F198: aml240@zips.uakron.edu | G198: 3306903385 | H198: UA | I198: Criminal Justice | J198: I don't know what my flight is | K198: MAC | L198: 43507
A199: 43487.955 | B199: sjv28@zips.uakron.edu | C199: Vela | D199: Samantha | E199: J | F199: sjv28@zips.akron.edu | G199: 9895770470 | H199: UA | I199: Psychology | J199: I don't know what my flight is | K199: MAC | L199: 43507
A200: 43489.592 | B200: amheffron@student.ysu.edu | C200: Heffron | D200: Amanda | E200: M | F200: amheffron@student.ysu.edu | G200: 3305077532 | H200: YSU | I200: Psychology | J200: LLAB Flight | K200: MAC | L200: 43507
A201: 43489.67 | B201: nml61@zips.uakron.edu | C201: Lewis | D201: Natrell | E201: M | F201: nml61@zips.uakron.edu | G201: 2162171064 | H201: UA | I201: Nursing | J201: I don't know what my flight is | K201: MAC | L201: 43507
A202: 43506.696 | B202: ajm305@case.edu | C202: Molnar | D202: Anton | E202: J | F202: ajm305@case.edu | G202: 3307300637 | H202: CASE | I202: Math and Physics | J202: RS Flight | K202: MAC | L202: 43507
... A228: 43697.362 | B228: dr.romig16@gmail.com | C228: Romig | D228: Dallas | E228: M | F228: dromig3@kent.edu | G228: 3304135304 | H228: KSU | I228: Biology (Pre-Med) | J228: I don't know what my flight is | K228: HWS | L228: 43698
A229: 43697.363 | B229: ccanoni1@kent.edu | C229: Canonico | D229: Christian | F229: ccanoni1@kent.edu | G229: 3302055797 | H229: KSU | I229: History | J229: I don't know what my flight is | K229: HWS | L229: 43698
A230: 43697.364 | B230: mhomoki@kent.edu | C230: Homoki | D230: Mallory | E230: R | F230: mhomoki@kent.edu | G230: 4408227844 | H230: KSU | I230: Accounting | J230: I don't know what my flight is | K230: HWS | L230: 43698
A231: 43697.365 | B231: benkoshelby@gmail.com | C231: Benko | D231: Shelby | E231: R | F231: sbenko2@kent.edu | G231: 4402894913 | H231: KSU | I231: Biology | J231: I don't know what my flight is | K231: HWS | L231: 43698
A232: 43697.365 | B232: uglt734@gmail.com | C232: Davis | D232: Jakob | E232: D | F232: jdavi234@kent.edu | G232: 4408675833 | H232: KSU | I232: Psychology | J232: I don't know what my flight is | K232: HWS | L232: 43698
A233: 43697.366 | B233: Jstewa79@kent.edu | C233: Stewart | D233: Jeb | E233: M | F233: Jstewa79@kent.edu | G233: 7402328121 | H233: KSU | I233: Aeronautical Engineering | J233: I don't know what my flight is | K233: HWS | L233: 43698
A234: 43697.366 | B234: jonahbraslawsce@gmail.com | C234: Braslawsce | D234: Jonah | E234: I | F234: jib14@zip.uakron.edu | G234: 8174035721 | H234: UA | I234: Criminal justice | J234: I don't know what my flight is | K234: HWS | L234: 43698
A235: 43697.366 | B235: zbolyard@kent.edu | C235: Bolyard | D235: Zane | E235: W | F235: zbolyard@kent.edu | G235: 3306059676 | H235: KSU | I235: Mechatronics Engineering | J235: I don't know what my flight is | K235: HWS | L235: 43698
A236: 43697.367 | B236: piercedefilippo@gmail.com | C236: DeFilippo | D236: Pierce | E236: H | F236: phd6@zips.uakron.edu | G236: 3306319904 | H236: UA | I236: Cybersecurity | J236: I don't know what my flight is | K236: HWS | L236: 43698
A237: 43697.367 | B237: jterlec1@kent.edu | C237: Terleckyj | D237: Jeffrey | E237: J | F237: jterlec1@kent.edu | G237: 3302810202 | H237: KSU | I237: Computer Engenering | J237: I don't know what my flight is | K237: HWS | L237: 43698
A238: 43697.368 | B238: cchiocca@kent.edu | C238: Chiocca | D238: Cara-Marie | E238: - | F238: cchiocca@kent.edu | G238: 4125961670 | H238: KSU | I238: criminology and justice studies | J238: I don't know what my flight is | K238: HWS | L238: 43698
A239: 43697.37 | B239: unonate@gmail.com | C239: Dietrich | D239: Nathan | E239: P | F239: npd18@zips.uakron.edu | G239: 3309070560 | H239: UA | I239: Aerospace engineering | J239: I don't know what my flight is | K239: HWS | L239: 43698
A240: 43697.371 | B240: maxkorenyiboth@gmail.com | C240: Korenyi-Both | D240: Maximilian | E240: T | F240: mtk60@uakron.edu | G240: 9372381798 | H240: UA | I240: Mechanical Engineering | J240: I don't know what my flight is | K240: HWS | L240: 43698
A241: 43697.371 | B241: jkonstandinidis@gmail.com | C241: Konstandinidis | D241: Joshua | E241: N | F241: jkonstan@kent.edu | G241: 2402043949 | H241: KSU | I241: Criminal justice | J241: I don't know what my flight is | K241: HWS | L241: 43698
... A258: 43697.379 | B258: bgilpie01@gmail.com | C258: Gillespie | D258: Brandon | E258: J | F258: bgilles9@kent.edu | G258: 7047944044 | H258: KSU | I258: Math | J258: I don't know what my flight is | K258: HWS | L258: 43698
A259: 43697.38 | B259: gabrielb1234@outlook.com | C259: Byrd | D259: Gabriel | F259: gbyrd4@kent.edu | G259: 2165336648 | H259: KSU | I259: Sports Management | J259: I don't know what my flight is | K259: HWS | L259: 43698
A260: 43697.383 | B260: bakergrant1123@gmail.com | C260: Baker | D260: Grant | E260: R | F260: bakergrant1123@gmail.com | G260: 6142901579 | H260: KSU | I260: Entrepreneurship | J260: I don't know what my flight is | K260: HWS | L260: 43698
A261: 43697.383 | B261: gseifer2@kent.edu | C261: Seifert | D261: George | E261: M | F261: gseifer2@kent.edu | G261: 3302174760 | H261: KSU | I261: Flight Technology | J261: I don't know what my flight is | K261: HWS | L261: 43698
A262: 43697.383 | B262: jwatts20@kent.edu | C262: Watts | D262: James | E262: R | F262: jwatts20@kent.edu | G262: 3308587074 | H262: KSU | I262: Criminology and justice studies | J262: I don't know what my flight is | K262: HWS | L262: 43698
A263: 43697.386 | B263: JToomer@outlook.com | C263: Toomer | D263: Jayden | E263: A | F263: jtoomer@kent.edu | G263: 6148153451 | H263: KSU | I263: Nursing | J263: I don't know what my flight is | K263: HWS | L263: 43698
A264: 43697.388 | B264: dbisho14@kent.edu | C264: Bishop | D264: Devin | E264: R | F264: dbisho14@kent.edu | G264: 2163852641 | H264: KSU | I264: Biology pre medicine | J264: I don't know what my flight is | K264: HWS | L264: 43698
A265: 43698.603 | B265: syxjason1@gmail.com | C265: Jason | D265: Jason | E265: C | F265: jsyx1@kent.edu | G265: 3306900394 | H265: KSU | I265: Aeronautical Studies | J265: I don't know what my flight is | K265: HWS | L265: 43701
A266: 43698.608 | B266: asiawaller2@gmail.com | C266: Waller | D266: Renasia | E266: J | F266: rwaller1@kent.edu | G266: 3305098267 | H266: KSU | I266: Business management | J266: I don't know what my flight is | K266: HWS | L266: 43701
...

Sheet Correction request input
A1: Timestamp | B1: Email Address | C1: What is your last name | D1: What is your first name | E1: Select what you need corrected | F1: Type the corrected entry | G1: Type the corrected entry | H1: Type the corrected entry | K1: Select your correct position | L1: Select your School | P1: Initials of CSS personel | Q1: Date updated(Ctrl+semicolon for current date)
A2: 43466.731 | B2: tsmit216@kent.edu | C2: Smith | E2: Major | F2: Criminology and Justice Studies, Psychology | P2: ZTK | Q2: 43476
A3: 43467.675 | B3: clarisse@kent.edu | C3: Larissey | E3: Email | G3: clarissey@kent.edu | P3: MAC | Q3: 43476
A4: 43467.675 | B4: clarisse@kent.edu | C4: Larissey | E4: Email | G4: clarisse@kent.edu | P4: MAC | Q4: 43476
A5: 43467.675 | B5: clarisse@kent.edu | C5: Larissey | E5: School | L5: KSU | P5: MAC | Q5: 43476
A6: 43467.676 | B6: clarisse@kent.edu | C6: Larissey | E6: Assignment | M6: PA Flight | P6: MAC | Q6: 43476
A7: 43472.541 | B7: egilreat17@bw.edu | C7: Gilreath | E7: Email | G7: egilreat17@bw.edu | P7: ZTK | Q7: 43476
A8: 43482.566 | B8: vkill@kent.edu | C8: Kill | E8: Major | F8: Environmental and Conservation Biology | P8: MAC | Q8: 43483
A9: 43488.418 | B9: sstrebl1@kent.edu | C9: Gilson | E9: Class | J9: 200 | P9: MAC | Q9: 43507
A10: 43543.809 | B10: sstrebl1@kent.edu | C10: Strebler | E10: Phone | H10: 9132465324 | P10: MAC | Q10: 43543
A11: 43573.623 | B11: sstrebl1@kent.edu | C11: Strebler | E11: Phone | H11: 3309409193 | P11: MAC | Q11: 43576
A12: 43701.483 | B12: ach111@zips.uakron.edu | C12: Hill | E12: Class | J12: 100 | P12: HWS | Q12: 43707
A13: 43701.484 | B13: ach111@zips.uakron.edu | C13: Hill | E13: Email | G13: ach111@zips.uakron.edu | P13: HWS | Q13: 43707
A14: 43701.488 | B14: ach111@zips.uakron.edu | C14: Hill | E14: Major | F14: Mechanical Engineering | P14: HWS | Q14: 43707
A15: 43707.684 | B15: djcampana@student.ysu.edu | C15: Campana | E15: Major | F15: Exercise Science | P15: HWS | Q15: 43711
A16: 43707.689 | B16: erikrichardson1001@gmail.com | C16: Richardson | E16: Phone | H16: 7243724882 | P16: HWS | Q16: 43711
A17: 43707.765 | B17: dromig3@kent.edu | C17: Romig | E17: Class | J17: 250 | P17: HWS | Q17: 43711
A18: 43708.419 | B18: tsmit216@kent.edu | C18: Smith | E18: Major | F18: Criminology and Justice Studies, Sociology | P18: HWS | Q18: 43711
A19: 43709.958 | B19: rforkapa@ofcs.net | C19: forkapa | E19: Phone | H19: 4407422479 | P19: HWS | Q19: 43711
A20: 43710.445 | B20: amurcko@kent.edu | C20: Murcko | E20: School | L20: KSU | P20: HWS | Q20: 43711
A21: 43710.446 | B21: amurcko@kent.edu | C21: Murcko | E21: Email | G21: amurcko@kent.edu | P21: HWS | Q21: 43711
A22: 43730.618 | B22: tschaff2@kent.edu | C22: Travis Schaffer | E22: Major | F22: Nursing | P22: HWS | Q22: 43745
A23: 43732.339 | B23: dromig3@kent.edu | C23: Romig | E23: Class | J23: 250 | P23: HWS | Q23: 43745
A24: 43734.607 | B24: lholswad@kent.edu | C24: Holswade | E24: Class | J24: 100 | P24: HWS | Q24: 43745
A25: 43782.669 | B25: mpasto10@kent.edu | C25: Pastore | E25: Major | F25: Aeronautical Studies | P25: TAS | Q25: 43843
A26: 43791.398 | B26: naorcutt@student.ysu.edu | C26: Orcutt | E26: Major | F26: Information Technology | P26: TAS | Q26: 43843
A27: 43838.645 | B27: d.daugherty5@cmlaw.csuohio.edu | C27: Daugherty | E27: Email | G27: bike.daugherty@gmail.com | P27: TAS | Q27: 43843
A28: 43857.679 | B28: mspenc40@kent.edu | C28: Spencer | E28: Class | J28: 200 | P28: TAS | Q28: 43857
A29: 43859.445 | B29: jdurant3@kent.edu | C29: Durant | E29: Major | F29: Exercise Science | P29: TAS | Q29: 43859
A30: 43986.803 | B30: lgabber1@kent.edu | C30: Gabbert | E30: Major | F30: Economics | P30: NPK | Q30: 44057
A31: 43992.591 | B31: pbrunell@kent.edu | C31: Brunell | E31: Major | F31: Mathematics | P31: NPK | Q31: 44057
A32: 44029.505 | B32: hwareham@kent.edu | C32: Wareham | E32: Phone | H32: 3302822521 | P32: NPK | Q32: 44057
A33: 44029.505 | B33: hwareham@kent.edu | C33: Wareham | E33: Major | F33: French Translation | P33: NPK | Q33: 44057
A34: 44038.833 | B34: pbrunell@kent.edu | C34: Brunell | E34: Major | F34: Mathematics | P34: NPK | Q34: 44057
A63: 43466.731 | B63: tsmit216@kent.edu | C63: Smith | E63: Major | F63: Criminology and Justice Studies, Psychology | P63: ZTK | Q63: 43476
A64: 43467.675 | B64: clarisse@kent.edu | C64: Larissey | E64: Email | G64: clarissey@kent.edu | P64: MAC | Q64: 43476
A65: 43467.675 | B65: clarisse@kent.edu | C65: Larissey | E65: Email | G65: clarisse@kent.edu | P65: MAC | Q65: 43476
A66: 43467.675 | B66: clarisse@kent.edu | C66: Larissey | E66: School | L66: KSU | P66: MAC | Q66: 43476
A67: 43467.676 | B67: clarisse@kent.edu | C67: Larissey | E67: Assignment | M67: PA Flight | P67: MAC | Q67: 43476
A68: 43472.541 | B68: egilreat17@bw.edu | C68: Gilreath | E68: Email | G68: egilreat17@bw.edu | P68: ZTK | Q68: 43476
A69: 43482.566 | B69: vkill@kent.edu | C69: Kill | E69: Major | F69: Environmental and Conservation Biology | P69: MAC | Q69: 43483
A70: 43488.418 | B70: sstrebl1@kent.edu | C70: Gilson | E70: Class | J70: 200 | P70: MAC | Q70: 43507
A71: 43543.809 | B71: sstrebl1@kent.edu | C71: Strebler | E71: Phone | H71: 9132465324 | P71: MAC | Q71: 43543
A72: 43573.623 | B72: sstrebl1@kent.edu | C72: Strebler | E72: Phone | H72: 3309409193 | P72: MAC | Q72: 43576
A73: 43701.483 | B73: ach111@zips.uakron.edu | C73: Hill | E73: Class | J73: 100 | P73: HWS | Q73: 43707
A74: 43701.484 | B74: ach111@zips.uakron.edu | C74: Hill | E74: Email | G74: ach111@zips.uakron.edu | P74: HWS | Q74: 43707
A75: 43701.488 | B75: ach111@zips.uakron.edu | C75: Hill | E75: Major | F75: Mechanical Engineering | P75: HWS | Q75: 43707
A76: 43707.684 | B76: djcampana@student.ysu.edu | C76: Campana | E76: Major | F76: Exercise Science | P76: HWS | Q76: 43711
A77: 43707.689 | B77: erikrichardson1001@gmail.com | C77: Richardson | E77: Phone | H77: 7243724882 | P77: HWS | Q77: 43711
A78: 43707.765 | B78: dromig3@kent.edu | C78: Romig | E78: Class | J78: 250 | P78: HWS | Q78: 43711
A79: 43708.419 | B79: tsmit216@kent.edu | C79: Smith | E79: Major | F79: Criminology and Justice Studies, Sociology | P79: HWS | Q79: 43711
A80: 43709.958 | B80: rforkapa@ofcs.net | C80: forkapa | E80: Phone | H80: 4407422479 | P80: HWS | Q80: 43711
A81: 43710.445 | B81: amurcko@kent.edu | C81: Murcko | E81: School | L81: KSU | P81: HWS | Q81: 43711
A82: 43710.446 | B82: amurcko@kent.edu | C82: Murcko | E82: Email | G82: amurcko@kent.edu | P82: HWS | Q82: 43711
A83: 43730.618 | B83: tschaff2@kent.edu | C83: Travis Schaffer | E83: Major | F83: Nursing | P83: HWS | Q83: 43745
A84: 43732.339 | B84: dromig3@kent.edu | C84: Romig | E84: Class | J84: 250 | P84: HWS | Q84: 43745
A85: 43734.607 | B85: lholswad@kent.edu | C85: Holswade | E85: Class | J85: 100 | P85: HWS | Q85: 43745
A86: 43782.669 | B86: mpasto10@kent.edu | C86: Pastore | E86: Major | F86: Aeronautical Studies | P86: TAS | Q86: 43843
A87: 43791.398 | B87: naorcutt@student.ysu.edu | C87: Orcutt | E87: Major | F87: Information Technology | P87: TAS | Q87: 43843
A88: 43838.645 | B88: d.daugherty5@cmlaw.csuohio.edu | C88: Daugherty | E88: Email | G88: bike.daugherty@gmail.com | P88: TAS | Q88: 43843
A89: 43857.679 | B89: mspenc40@kent.edu | C89: Spencer | E89: Class | J89: 200 | P89: TAS | Q89: 43857
A90: 43859.445 | B90: jdurant3@kent.edu | C90: Durant | E90: Major | F90: Exercise Science | P90: TAS | Q90: 43859
A91: 43986.803 | B91: lgabber1@kent.edu | C91: Gabbert | E91: Major | F91: Economics
A92: 43992.591 | B92: pbrunell@kent.edu | C92: Brunell | E92: Major | F92: Mathematics
A93: 44029.505 | B93: hwareham@kent.edu | C93: Wareham | E93: Phone | H93: 3302822521
A94: 44029.505 | B94: hwareham@kent.edu | C94: Wareham | E94: Major | F94: French Translation
A95: 44038.833 | B95: pbrunell@kent.edu | C95: Brunell | E95: Major | F95: Mathematics
A96: 44070.585 | B96: kesleree2024@mountunion.edu | C96: Kesler | E96: Phone | H96: 216.3187.774
A97: 44070.621 | B97: h.biskup1@mail.lorainccc.edu | C97: Biskup | E97: Email | G97: h.biskup1@mail.lorainccc.edu
A98: 44070.885 | B98: pfleisc1@kent.edu | C98: Fleischer | E98: Phone | H98: 216.990.1967
A99: 44071.527 | B99: hjose@kent.edu | C99: Jose | E99: Major | F99: Geology
A100: 44071.549 | B100: kmotter3@kent.edu | C100: Motter | E100: First Name | F100: Kirsten
A101: 44071.549 | B101: kmotter3@kent.edu | C101: Motter | E101: Phone | H101: 814.758.1451
A102: 44071.611 | B102: jlinvill@kent.edu | C102: Linville | E102: Phone | H102: 317.910.8760
A103: 44071.611 | B103: jlinvill@kent.edu | C103: Linville | E103: Major | F103: Medical Technology
A104: 44072.666 | B104: mgarci28@kent.edu | C104: Garcia | E104: School | L104: CASE
A105: 44072.667 | B105: mgarci28@kent.edu | C105: Garcia | E105: Middle Initial | F105: A
A106: 44072.668 | B106: mgarci28@kent.edu | C106: Garcia | E106: Phone | H106: 504.439.9177
A107: 44075.548 | B107: mma203@zips.uakron.edu | C107: Augustine | E107: School | L107: UA | P107: BMH | Q107: 44075
A108: 44076.501 | B108: k.brickman45@cmlaw.csuohio.edu | C108: Brickman | E108: Class | J108: 300 | P108: BMH | Q108: 44077
A109: 44078.308 | B109: lpfeil@kent.edu | C109: Pfeil | E109: Phone | H109: 4122289177 | P109: BMH | Q109: 44081
A110: 44078.514 | B110: garmagno@kent.edu | C110: Armagno | E110: Phone | H110: 2245000339
A111: 44078.596 | B111: vannatca2022@mountunion.edu | C111: VanNatta | E111: Major | F111: Biology | P111: BMH | Q111: 44082
A112: 44078.599 | B112: mspear4@kent.edu | C112: Spear | E112: Middle Initial | F112: Middle Initial: "S" | P112: BMH | Q112: 44082
A113: 44078.612 | B113: tbranch5@kent.edu | C113: Branch | E113: Major | F113: Psychology | P113: BMH | Q113: 44082
A114: 44078.664 | B114: jll181@zips.uakron.edu | C114: LaFine | E114: Phone | H114: 3309493952 | P114: BMH | Q114: 44082
A115: 44078.699 | B115: jdp159@zips.uakron.edu | C115: Perry | E115: Email | G115: jdp159@zips.uakron.edu | P115: BMH | Q115: 44082
A116: 44082.447 | B116: d.stiegelmeyer@cmlaw.csuohio.edu | C116: Stiegelmeyer | E116: Email | G116: d.stiegelmeyer@cmlaw.csuohio.edu
A117: 44089.552 | B117: npokrzyw@kent.edu | C117: Pokrzywa | E117: Phone | H117: 5672171115
A118: 44090.484 | B118: wgardne2@kent.edu | C118: Gardner | E118: Middle Initial | F118: A
A119: 44090.51 | B119: krk94@case.edu | C119: Richard | E119: Middle Initial | F119: R
A120: 44090.511 | B120: mgarci28@kent.edu | C120: Garcia | E120: Major | F120: Mechanical & Aerospace Engineering
A121: 44090.514 | B121: npokrzyw@kent.edu | C121: Pokrzywa | E121: Middle Initial | F121: L
A122: 44090.514 | B122: h.biskup@kent.edu | C122: Biskup | E122: Middle Initial | F122: M
A123: 44090.528 | B123: wmakley@kent.edu | C123: Makley | E123: Middle Initial | F123: T
A124: 44090.538 | B124: d.stiegelmeyer@cmlaw.csuohio.edu | C124: Stiegelmeyer | E124: Middle Initial | F124: A
A125: 44090.548 | B125: k.brickman45@cmlaw.csuohio.edu | C125: Brickman | E125: Middle Initial | F125: A.
A126: 44090.548 | B126: k.brickman45@cmlaw.csuohio.edu | C126: Brickman | E126: Major | F126: Law
A127: 44090.572 | B127: ysimpso1@kent.edu | C127: Simpson | E127: Middle Initial | F127: D
A128: 44090.573 | B128: ysimpso1@kent.edu | C128: Simpson | E128: Phone | H128: 2162569526
...

Sheet Signature Backend
A1: KSU | B1: Kent State University
A2: UA | B2: University of Akron | J2: Architecturual Studies | K2: =PROPER(J2)
A3: CSU | B3: Cleveland State University | F3: CC | G3: CD | J3: Computer Science | K3: =PROPER(J3)
A4: BW | B4: Baldwin Walace University | E4: LLAB Flight | F4: =CONCATENATE($E4," ",F$3) | G4: =CONCATENATE($E4," ",G$3) | J4: Applied Engineering | K4: =PROPER(J4)
A5: CASE | B5: Case Western Reserve University | E5: PT Flight | F5: =CONCATENATE($E5," ",F$3) | G5: =CONCATENATE($E5," ",G$3) | J5: National security | K5: =PROPER(J5)
A6: YSU | B6: Youngstown State University | E6: POC LLAB Flight | F6: =CONCATENATE($E6," ",F$3) | G6: =CONCATENATE($E6," ",G$3) | J6: Aeronautics | K6: =PROPER(J6) | N6: =CONCATENATE(K2,",",K3,",",K4)
A7: HC | B7: Hiram College | E7: FTP Flight | F7: =CONCATENATE($E7," ",F$3) | G7: =CONCATENATE($E7," ",G$3) | J7: Aeronautical Studies | K7: =PROPER(J7)
A8: MU | B8: Mount Union University | E8: Alt LLAB Flight | F8: =CONCATENATE($E8," ",F$3) | G8: =CONCATENATE($E8," ",G$3) | J8: Civil Engineering | K8: =PROPER(J8)
A9: LCCC | B9: Lorain County Community College | E9: SP Flight | F9: =CONCATENATE($E9," ",F$3) | G9: =CONCATENATE($E9," ",G$3) | J9: Flight Technology | K9: =PROPER(J9)
A10: WU | B10: Walsh University | E10: Safety Flight | F10: =CONCATENATE($E10," ",F$3) | G10: =CONCATENATE($E10," ",G$3) | J10: Athletic Training | K10: =PROPER(J10)
A11: LLAB Flight CC | B11: LLAB Flight Commander | E11: FF Flight | F11: =CONCATENATE($E11," ",F$3) | G11: =CONCATENATE($E11," ",G$3) | J11: Political science | K11: =PROPER(J11)
A12: D&C Flight CC | B12: Drill and Ceremonies Flight Commander | E12: Supply Flight | F12: =CONCATENATE($E12," ",F$3) | G12: =CONCATENATE($E12," ",G$3) | J12: International Relations/Global Studies | K12: =PROPER(J12)
A13: PT Flight CC | B13: PT Flight Commander | E13: Heritage Flight | F13: =CONCATENATE($E13," ",F$3) | G13: =CONCATENATE($E13," ",G$3) | J13: Criminology | K13: =PROPER(J13)
A14: Heritage Flight CC | B14: Heritage Flight Commander | E14: CSS | F14: =CONCATENATE($E14," ",F$3) | G14: =CONCATENATE($E14," ",G$3) | J14: Mechanical Engineering | K14: =PROPER(J14)
A15: POC LLAB Flight CC | B15: POC LLAB Flight Commander | E15: Color Guard Flight | F15: =CONCATENATE($E15," ",F$3) | G15: =CONCATENATE($E15," ",G$3) | J15: Aeronautics | K15: =PROPER(J15)
A16: FF Flight CC | B16: Fighting Flashes Flight Commander | E16: Academics Flight | F16: =CONCATENATE($E16," ",F$3) | G16: =CONCATENATE($E16," ",G$3) | J16: Aeronautics | K16: =PROPER(J16)
A17: FTP CC | B17: FTP Commander | E17: Service Flight | F17: =CONCATENATE($E17," ",F$3) | G17: =CONCATENATE($E17," ",G$3) | J17: undecided | K17: =PROPER(J17)
A18: Alt LLAB Flight CC | B18: Alt LLAB Flight Commander | E18: PA Flight | F18: =CONCATENATE($E18," ",F$3) | G18: =CONCATENATE($E18," ",G$3) | J18: Aeronautics | K18: =PROPER(J18)
... A27: Recruiting Flight CC | B27: Recruiting Services Flight Commander | E27: SOF+POC LLAB | F27: =CONCATENATE($E27," ",F$3) | G27: =CONCATENATE($E27," ",G$3) | J27: Accounting | K27: =PROPER(J27)
A28: LRS CC | B28: Logistics Readiness Squadron Commander | F28: =CONCATENATE($E28," ",F$3) | J28: Business Management | K28: =PROPER(J28)
A29: OSS CC | B29: Operations Support Squadron Commander | F29: =CONCATENATE($E29," ",F$3) | J29: Transferring to Kent for aviation science | K29: =PROPER(J29)
A30: OTS CC | B30: Operations Training Squadron Commander | F30: =CONCATENATE($E30," ",F$3) | J30: Mechanical Engineering | K30: =PROPER(J30)
A31: FSS CC | B31: Force Support Squadron Commander | F31: =CONCATENATE($E31," ",F$3) | J31: Political science | K31: =PROPER(J31)
A32: OG CC | B32: Operations Group Commander | F32: =CONCATENATE($E32," ",F$3) | J32: Psychology | K32: =PROPER(J32)
A33: MSG CC | B33: Mission Support Group Commander | F33: =CONCATENATE($E33," ",F$3) | J33: Aeronautics | K33: =PROPER(J33)
A34: LLAB Flight CD | B34: LLAB Flight Deputy Commander | F34: =CONCATENATE($E34," ",F$3) | J34: Aeronautics | K34: =PROPER(J34)
A35: Heritage Flight CD | B35: Heritage Flight Deputy Commander | F35: =CONCATENATE($E35," ",F$3) | J35: Aeronautics | K35: =PROPER(J35)
A36: FF Flight CD | B36: Fighting Flashes Flight Deputy Commander | F36: =CONCATENATE($E36," ",F$3) | J36: Aeronautics (Air Traffic Control) | K36: =PROPER(J36)
A37: PT Flight CD | B37: Physical Training Flight Deputy Commander | F37: =CONCATENATE($E37," ",F$3) | J37: Chemical Engineering | K37: =PROPER(J37)
A38: POC LLAB Flight CD | B38: POC LLAB Flight Deputy Commander | F38: =CONCATENATE($E38," ",F$3) | J38: Criminology | K38: =PROPER(J38)
A39: D&C Flight CD | B39: Drill and Ceremonies Flight Deputy Commander | F39: =CONCATENATE($E39," ",F$3) | J39: Aerospace engineering | K39: =PROPER(J39)
... A49: Morale Flight CD | B49: Morale Flight Deputy Commander | F49: =CONCATENATE($E49," ",F$3) | J49: Sales Management | K49: =PROPER(J49)
A50: Recruiting Flight CD | B50: Recruiting Services Flight Deputy Commander | J50: Information systems | K50: =PROPER(J50)
A51: LRS CD | B51: Logistics Readiness Squadron Deputy Commander | J51: Criminology | K51: =PROPER(J51)
A52: OSS CD | B52: Operations Support Squadron Deputy Commander | J52: Political Science | K52: =PROPER(J52)
A53: OTS CD | B53: Operations Training Squadron Deputy Commander | J53: exploratory | K53: =PROPER(J53)
A54: FSS CD | B54: Force Support Squadron Deputy Commander | J54: Aeronautic studies | K54: =PROPER(J54)
A55: OG CD | B55: Operations Group Deputy Commander | J55: Criminology and Justice studies | K55: =PROPER(J55)
A56: MSG CD | B56: Mission Support Group Deputy Commander | J56: Criminology | K56: =PROPER(J56)
A57: LLAB Flight | B57: LLAB Flight | J57: Applied physics | K57: =PROPER(J57)
A58: D&C Flight | B58: Drill and Ceremonies Flight | J58: Biomedical Engineering | K58: =PROPER(J58)
A59: PT Flight | B59: PT Flight | J59: Architecture | K59: =PROPER(J59)
A60: POC LLAB Flight | B60: POC LLAB Flight | J60: Aviation Management | K60: =PROPER(J60)
A61: FTPS CC | B61: Field Training Preparation Squadron Commander | J61: Psychology | K61: =PROPER(J61)
... A76: Wing IG | B76: Inspector General | J76: Aerospace Engineering | K76: =PROPER(J76)
A77: Wing Staff GMCA (MSG) | B77: General Military Course Advocate
A78: Wing Staff GMCA (OPS) | B78: General Military Course Advocate
A79: Warrior Spirit Advocate | B79: Warrior Spirit Advocate
A80: Chief of Staff CC | B80: Chief of Staff | J80: Mechanical engineering | K80: =PROPER(J80)
A81: WIT CC | B81: Wing Improvement Team Commander | J81: Aeronautics | K81: =PROPER(J81)
A82: WIT | B82: Wing Improvement Team | J82: Mechanical engineering | K82: =PROPER(J82)
A83: TTG CD | B83: Tactical Training Group Deputy Commander | J83: Flight Technology | K83: =PROPER(J83)
A84: TTG CC | B84: Tactical Training Group Commander | J84: Architecture | K84: =PROPER(J84)
A85: Wing Staff GMCA (TTG) | B85: General Military Course Advocate | J85: Aeronautics | K85: =PROPER(J85)
A86: Alpha Flight CC | B86: Alpha Flight Commander | J86: Flight Tech | K86: =PROPER(J86)
A87: Bravo Flight CC | B87: Bravo Flight Commander | J87: Business Administration | K87: =PROPER(J87)
A88: MWR CC | B88: Morale, Wellness, and Readiness Squadron Commander | J88: Air Traffic Control | K88: =PROPER(J88)
A89: MWR CD | B89: Morale, Wellness, and Readiness Squadron Deputy Commander | J89: Nursing | K89: =PROPER(J89)
A90: FTPS CC | B90: Field Training Preparation Squadron Commander | J90: Criminal justice studies | K90: =PROPER(J90)
A91: CSS CD | B91: Command Support Staff Deputy Commander | J91: Computer information systems | K91: =PROPER(J91)
... A104: Academics+SP Flight CD | B104: Academics/SP Flight Deputy Commander | J104: Biology | K104: =PROPER(J104)
J105: Aeronautics | K105: =PROPER(J105)
J106: Computer Science | K106: =PROPER(J106)
J107: Sociology | K107: =PROPER(J107)
J108: Aeronautics | K108: =PROPER(J108)
J109: Aeronautics | K109: =PROPER(J109)
J110: Aeronautical Studies | K110: =PROPER(J110)
J111: Mechanical Engineering | K111: =PROPER(J111)
J112: History | K112: =PROPER(J112)
J113: International Relations | K113: =PROPER(J113)
J114: Finance | K114: =PROPER(J114)
J115: Computer Science | K115: =PROPER(J115)
J116: International Studies/National Security | K116: =PROPER(J116)
... J128: Mechanical Engineering | K128: =PROPER(J128)
K129: =PROPER(J129)
K130: =PROPER(J130)
K131: =PROPER(J131)
K132: =PROPER(J132)
K133: =PROPER(J133)
K134: =PROPER(J134)
K135: =PROPER(J135)
K136: =PROPER(J136)
K137: =PROPER(J137)
K138: =PROPER(J138)
K139: =PROPER(J139)
K140: =PROPER(J140)
... K152: =PROPER(J152)

Sheet Flight Linker
A1: LLAB Flight | B1: OTS | C1: OG
A2: PT Flight | B2: OTS | C2: OG
A3: FTP | B3: OTS | C3: OG
A4: SOF+POC LLAB Flight | B4: OSS | C4: OG
A5: D&C Flight | B5: OSS | C5: OG
A6: Supply Flight | B6: FSS | C6: MSG
A7: Service+FF Flight | B7: FSS | C7: MSG
A8: PA Flight | B8: FSS | C8: MSG
A9: Recruiting Flight | B9: LRS | C9: MSG
A10: Academics+SP Flight | B10: LRS | C10: MSG
A11: Morale+Heritage Flight | B11: LRS | C11: MSG
A12: OTS | B12: OTS | C12: OG
... A15: FSS | B15: FSS | C15: MSG
A16: OG | C16: OG
A17: MSG | C17: MSG
B18: TTG | C18: TTG
B19: LLAB Flight | C19: OG
B20: VLLAB Flight | C20: OG
B21: POC LLAB Flight | C21: OG
B22: PT Flight | C22: OG
B23: Academics Flight | C23: OG
B24: Alt LLAB Flight | C24: OG
B25: Supply Flight | C25: MSG
B26: Service Flight | C26: MSG
B27: FF Flight | C27: MSG
B28: PA Flight | C28: MSG
B29: D&C Flight | C29: MSG
... B35: Bravo Flight | C35: TTG

Sheet Data Validation
A1: Class | B1: Ranks | C1: School
A2: AS100 | B2: C/4C | C2: KSU
A3: AS200 | B3: C/3C | C3: UA
A4: AS250 | B4: C/2d Lt | C4: CSU
A5: AS300 | B5: C/1st Lt | C5: BW
A6: AS400 | B6: C/Capt | C6: CASE
A7: AS500 | B7: C/Maj | C7: YSU
A8: AS700 | B8: C/Lt Col | C8: HC
A9: AS800 | B9: C/Col | C9: MU
A10: P | B10: - | C10: LCCC
C11: WU
